Seq_ID,Pattern_ID,Sequence,ML_Score,BLAST_Score,Total_Score,Prediction
Seq1,Pattern_1,SAICFIFMI,0.36,0.5,0.86,Diabetic
Seq1,Pattern_2,AICFIFMIA,0.43,0.5,0.93,Diabetic
Seq1,Pattern_3,ICFIFMIAE,0.49,0.5,0.99,Diabetic
Seq1,Pattern_4,CFIFMIAEV,0.37,0.5,0.87,Diabetic
Seq1,Pattern_5,FIFMIAEVV,0.42,0.5,0.92,Diabetic
Seq1,Pattern_6,IFMIAEVVG,0.43,0.5,0.93,Diabetic
Seq1,Pattern_7,FMIAEVVGG,0.28,0.5,0.78,Diabetic
Seq1,Pattern_8,MIAEVVGGH,0.28,0.5,0.78,Diabetic
Seq1,Pattern_9,IAEVVGGHI,0.28,0.5,0.78,Diabetic
Seq1,Pattern_10,AEVVGGHIA,0.28,0.5,0.78,Diabetic
Seq1,Pattern_11,EVVGGHIAG,0.28,0.5,0.78,Diabetic
Seq1,Pattern_12,VVGGHIAGS,0.45,0.5,0.95,Diabetic
Seq1,Pattern_13,VGGHIAGSL,0.44,0.5,0.94,Diabetic
Seq1,Pattern_14,GGHIAGSLA,0.39,0.5,0.89,Diabetic
Seq1,Pattern_15,GHIAGSLAV,0.48,0.5,0.98,Diabetic
Seq1,Pattern_16,HIAGSLAVV,0.51,0.5,1.01,Diabetic
Seq1,Pattern_17,IAGSLAVVT,0.45,0.5,0.95,Diabetic
Seq1,Pattern_18,AGSLAVVTD,0.45,0.5,0.95,Diabetic
Seq1,Pattern_19,GSLAVVTDA,0.48,0.5,0.98,Diabetic
Seq2,Pattern_1,ANEYAYAKW,0.36,0.5,0.86,Diabetic
Seq2,Pattern_2,NEYAYAKWK,0.4,0.5,0.9,Diabetic
Seq2,Pattern_3,EYAYAKWKL,0.24,0.5,0.74,Diabetic
Seq2,Pattern_4,YAYAKWKLC,0.24,0.5,0.74,Diabetic
Seq2,Pattern_5,AYAKWKLCS,0.24,0.5,0.74,Diabetic
Seq2,Pattern_6,YAKWKLCSA,0.21,0.5,0.71,Diabetic
Seq2,Pattern_7,AKWKLCSAS,0.17,0.5,0.67,Diabetic
Seq2,Pattern_8,KWKLCSASA,0.19,0.5,0.69,Diabetic
Seq2,Pattern_9,WKLCSASAI,0.3,0.5,0.8,Diabetic
Seq2,Pattern_10,KLCSASAIC,0.29,0.5,0.79,Diabetic
Seq2,Pattern_11,LCSASAICF,0.44,0.5,0.94,Diabetic
Seq2,Pattern_12,CSASAICFI,0.43,0.5,0.93,Diabetic
Seq2,Pattern_13,SASAICFIF,0.43,0.5,0.93,Diabetic
Seq2,Pattern_14,ASAICFIFM,0.4,0.5,0.9,Diabetic
Seq2,Pattern_15,SAICFIFMI,0.36,0.5,0.86,Diabetic
Seq2,Pattern_16,AICFIFMIA,0.43,0.5,0.93,Diabetic
Seq2,Pattern_17,ICFIFMIAE,0.49,0.5,0.99,Diabetic
Seq2,Pattern_18,CFIFMIAEV,0.37,0.5,0.87,Diabetic
Seq2,Pattern_19,FIFMIAEVV,0.42,0.5,0.92,Diabetic
Seq3,Pattern_1,HQRCLGHNH,0.63,0.5,1.13,Diabetic
Seq3,Pattern_2,QRCLGHNHK,0.63,0.5,1.13,Diabetic
Seq3,Pattern_3,RCLGHNHKE,0.59,0.5,1.09,Diabetic
Seq3,Pattern_4,CLGHNHKEV,0.59,0.5,1.09,Diabetic
Seq3,Pattern_5,LGHNHKEVQ,0.59,0.5,1.09,Diabetic
Seq3,Pattern_6,GHNHKEVQA,0.42,0.5,0.92,Diabetic
Seq3,Pattern_7,HNHKEVQAN,0.44,0.5,0.94,Diabetic
Seq3,Pattern_8,NHKEVQANA,0.44,0.5,0.94,Diabetic
Seq3,Pattern_9,HKEVQANAS,0.4,0.5,0.9,Diabetic
Seq3,Pattern_10,KEVQANASV,0.4,0.5,0.9,Diabetic
Seq3,Pattern_11,EVQANASVR,0.39,0.5,0.89,Diabetic
Seq3,Pattern_12,VQANASVRA,0.34,0.5,0.84,Diabetic
Seq3,Pattern_13,QANASVRAA,0.28,0.0,0.28,Non-Diabetic
Seq3,Pattern_14,ANASVRAAF,0.29,0.5,0.79,Diabetic
Seq3,Pattern_15,NASVRAAFV,0.28,0.5,0.78,Diabetic
Seq3,Pattern_16,ASVRAAFVH,0.28,0.5,0.78,Diabetic
Seq3,Pattern_17,SVRAAFVHA,0.32,0.5,0.82,Diabetic
Seq3,Pattern_18,VRAAFVHAL,0.18,0.5,0.68,Diabetic
Seq3,Pattern_19,RAAFVHALG,0.37,0.5,0.87,Diabetic
Seq4,Pattern_1,GQTREKDRF,0.49,0.0,0.49,Non-Diabetic
Seq4,Pattern_2,QTREKDRFE,0.49,0.0,0.49,Non-Diabetic
Seq4,Pattern_3,TREKDRFEQ,0.6,0.0,0.6,Diabetic
Seq4,Pattern_4,REKDRFEQE,0.61,0.0,0.61,Diabetic
Seq4,Pattern_5,EKDRFEQEQ,0.56,0.0,0.56,Non-Diabetic
Seq4,Pattern_6,KDRFEQEQA,0.49,0.0,0.49,Non-Diabetic
Seq4,Pattern_7,DRFEQEQAD,0.45,0.0,0.45,Non-Diabetic
Seq4,Pattern_8,RFEQEQADF,0.45,0.0,0.45,Non-Diabetic
Seq4,Pattern_9,FEQEQADFF,0.55,0.0,0.55,Non-Diabetic
Seq4,Pattern_10,EQEQADFFM,0.55,0.0,0.55,Non-Diabetic
Seq4,Pattern_11,QEQADFFMR,0.51,0.0,0.51,Non-Diabetic
Seq4,Pattern_12,EQADFFMRV,0.47,0.0,0.47,Non-Diabetic
Seq4,Pattern_13,QADFFMRVR,0.43,0.0,0.43,Non-Diabetic
Seq4,Pattern_14,ADFFMRVRS,0.57,0.0,0.57,Non-Diabetic
Seq4,Pattern_15,DFFMRVRSV,0.61,0.0,0.61,Diabetic
Seq4,Pattern_16,FFMRVRSVY,0.61,0.0,0.61,Diabetic
Seq4,Pattern_17,FMRVRSVYL,0.47,0.0,0.47,Non-Diabetic
Seq4,Pattern_18,MRVRSVYLN,0.45,0.0,0.45,Non-Diabetic
Seq4,Pattern_19,RVRSVYLNR,0.48,0.0,0.48,Non-Diabetic
Seq5,Pattern_1,KERWDPSKV,0.35,0.0,0.35,Non-Diabetic
Seq5,Pattern_2,ERWDPSKVN,0.34,0.0,0.34,Non-Diabetic
Seq5,Pattern_3,RWDPSKVNI,0.58,0.0,0.58,Non-Diabetic
Seq5,Pattern_4,WDPSKVNIL,0.54,0.0,0.54,Non-Diabetic
Seq5,Pattern_5,DPSKVNILV,0.38,0.0,0.38,Non-Diabetic
Seq5,Pattern_6,PSKVNILVP,0.38,0.0,0.38,Non-Diabetic
Seq5,Pattern_7,SKVNILVPG,0.21,0.0,0.21,Non-Diabetic
Seq5,Pattern_8,KVNILVPGA,0.21,0.0,0.21,Non-Diabetic
Seq5,Pattern_9,VNILVPGAG,0.2,0.0,0.2,Non-Diabetic
Seq5,Pattern_10,NILVPGAGL,0.2,0.0,0.2,Non-Diabetic
Seq5,Pattern_11,ILVPGAGLG,0.29,0.0,0.29,Non-Diabetic
Seq5,Pattern_12,LVPGAGLGR,0.44,0.0,0.44,Non-Diabetic
Seq5,Pattern_13,VPGAGLGRL,0.67,0.0,0.67,Diabetic
Seq5,Pattern_14,PGAGLGRLA,0.51,0.0,0.51,Non-Diabetic
Seq5,Pattern_15,GAGLGRLAW,0.51,0.0,0.51,Non-Diabetic
Seq5,Pattern_16,AGLGRLAWE,0.51,0.0,0.51,Non-Diabetic
Seq5,Pattern_17,GLGRLAWEV,0.51,0.0,0.51,Non-Diabetic
Seq5,Pattern_18,LGRLAWEVA,0.5,0.0,0.5,Non-Diabetic
Seq5,Pattern_19,GRLAWEVAM,0.39,0.0,0.39,Non-Diabetic
Seq6,Pattern_1,NPEDVINCN,0.28,0.0,0.28,Non-Diabetic
Seq6,Pattern_2,PEDVINCNF,0.32,0.0,0.32,Non-Diabetic
Seq6,Pattern_3,EDVINCNFS,0.3,0.0,0.3,Non-Diabetic
Seq6,Pattern_4,DVINCNFSN,0.26,0.0,0.26,Non-Diabetic
Seq6,Pattern_5,VINCNFSNA,0.32,0.0,0.32,Non-Diabetic
Seq6,Pattern_6,INCNFSNAR,0.32,0.0,0.32,Non-Diabetic
Seq6,Pattern_7,NCNFSNARD,0.13,0.0,0.13,Non-Diabetic
Seq6,Pattern_8,CNFSNARDS,0.13,0.0,0.13,Non-Diabetic
Seq6,Pattern_9,NFSNARDSY,0.13,0.0,0.13,Non-Diabetic
Seq6,Pattern_10,FSNARDSYE,0.19,0.0,0.19,Non-Diabetic
Seq6,Pattern_11,SNARDSYEE,0.24,0.0,0.24,Non-Diabetic
Seq6,Pattern_12,NARDSYEEN,0.22,0.0,0.22,Non-Diabetic
Seq6,Pattern_13,ARDSYEENK,0.22,0.0,0.22,Non-Diabetic
Seq6,Pattern_14,RDSYEENKS,0.22,0.0,0.22,Non-Diabetic
Seq6,Pattern_15,DSYEENKSP,0.41,0.0,0.41,Non-Diabetic
Seq6,Pattern_16,SYEENKSPS,0.53,0.0,0.53,Non-Diabetic
Seq6,Pattern_17,YEENKSPSM,0.53,0.0,0.53,Non-Diabetic
Seq6,Pattern_18,EENKSPSMD,0.49,0.0,0.49,Non-Diabetic
Seq6,Pattern_19,ENKSPSMDQ,0.49,0.0,0.49,Non-Diabetic
